{
  "total_processing_time_minutes": 0.10351995627085368,
  "total_rows_processed": 262141,
  "total_size_mb": 54.62503147125244,
  "successful_queries": 1,
  "failed_queries": 0,
  "environment": "development",
  "timestamp": "2025-08-04T18:32:18.748617",
  "query_performance": [
    {
      "query": "usage_latest",
      "rows": 262141,
      "columns": 15,
      "fetch_time": 3.0426344871520996,
      "total_time": 6.038099765777588,
      "size_mb": 54.62503147125244,
      "rows_per_second": 86155.92872128506
    }
  ]
}