{
  "total_processing_time_minutes": 0.10179148117701213,
  "total_rows_processed": 262141,
  "total_size_mb": 54.62503147125244,
  "successful_queries": 1,
  "failed_queries": 0,
  "environment": "development",
  "timestamp": "2025-08-04T18:23:59.414954",
  "query_performance": [
    {
      "query": "usage_latest",
      "rows": 262141,
      "columns": 15,
      "fetch_time": 2.9480419158935547,
      "total_time": 5.93417501449585,
      "size_mb": 54.62503147125244,
      "rows_per_second": 88920.37748403072
    }
  ]
}